"Name","Description","VIVIENDA_VANCAN_2016","LONGITUDE","LATITUDE","geometry"
"1.1.100-1","",1,"-71.5210120878346","-16.3485056628748",c(-71.5210120878346, -16.3485056628748)
"1.1.100-10","",0.4,"-71.5206062179369","-16.3475629920582",c(-71.5206062179369, -16.3475629920582)
"1.1.100-11","",1,"-71.5208243940528","-16.3471228067978",c(-71.5208243940528, -16.3471228067978)
"1.1.100-12","",0.75,"-71.5207744090455","-16.3466623255631",c(-71.5207744090455, -16.3466623255631)
"1.1.100-13","",0.5,"-71.5207267467652","-16.346215684274",c(-71.5207267467652, -16.346215684274)
"1.1.100-14","",1,"-71.5206839466616","-16.3457619486151",c(-71.5206839466616, -16.3457619486151)
"1.1.100-15","",0,"-71.5205369328052","-16.3453181069993",c(-71.5205369328052, -16.3453181069993)
"1.1.100-16","",1,"-71.5200227539515","-16.3449235587602",c(-71.5200227539515, -16.3449235587602)
"1.1.100-18","",1,"-71.5200667438391","-16.3444586911314",c(-71.5200667438391, -16.3444586911314)
"1.1.100-19","",1,"-71.5204137541066","-16.3439664084647",c(-71.5204137541066, -16.3439664084647)
"1.1.100-2","",0,"-71.5201135276329","-16.3486790871466",c(-71.5201135276329, -16.3486790871466)
"1.1.100-3","",0,"-71.5191568978076","-16.3488690277739",c(-71.5191568978076, -16.3488690277739)
"1.1.100-5","",0,"-71.5183206336318","-16.3484187468892",c(-71.5183206336318, -16.3484187468892)
"1.1.100-6","",1,"-71.5189349055105","-16.3475944217341",c(-71.5189349055105, -16.3475944217341)
"1.1.100-7","",1,"-71.5189644196174","-16.3479915426487",c(-71.5189644196174, -16.3479915426487)
"1.1.100-8","",0,"-71.5190571206054","-16.3484277496598",c(-71.5190571206054, -16.3484277496598)
"1.1.100-9","",0.5,"-71.5204468098674","-16.348154047104",c(-71.5204468098674, -16.348154047104)
"1.1.102-4","",1,"-71.5223078710625","-16.3426861504125",c(-71.5223078710625, -16.3426861504125)
"1.1.13-1","",0.7692,"-71.5261896487617","-16.3772245035283",c(-71.5261896487617, -16.3772245035283)
"1.1.13-2","",0.5714,"-71.5260610941979","-16.3778821254973",c(-71.5260610941979, -16.3778821254973)
"1.1.13-3","",0.8571,"-71.5258526593616","-16.377379151172",c(-71.5258526593616, -16.377379151172)
"1.1.13-4","",0.8889,"-71.5255868456165","-16.3775571341078",c(-71.5255868456165, -16.3775571341078)
"1.1.13-5","",0.6364,"-71.5253746291049","-16.377913863439",c(-71.5253746291049, -16.377913863439)
"1.1.13-6","",0.6364,"-71.5247743663489","-16.3769936492827",c(-71.5247743663489, -16.3769936492827)
"1.1.13-8","",0.625,"-71.5252852144416","-16.3765748684749",c(-71.5252852144416, -16.3765748684749)
"1.1.13-9","",0.625,"-71.5245299604775","-16.3763265328183",c(-71.5245299604775, -16.3763265328183)
"1.1.14-1","",0.9231,"-71.5259652051175","-16.3797725576033",c(-71.5259652051175, -16.3797725576033)
"1.1.14-10","",0.5714,"-71.5242656944622","-16.3776189785766",c(-71.5242656944622, -16.3776189785766)
"1.1.14-11","",0.7857,"-71.5239474294515","-16.3778059785608",c(-71.5239474294515, -16.3778059785608)
"1.1.14-12","",0.6,"-71.5234848896673","-16.3771418801061",c(-71.5234848896673, -16.3771418801061)
"1.1.14-13","",0.7778,"-71.5231988336997","-16.3766977010283",c(-71.5231988336997, -16.3766977010283)
"1.1.14-2","",0.3529,"-71.5255656171892","-16.3794405822617",c(-71.5255656171892, -16.3794405822617)
"1.1.14-3","",0.6111,"-71.5252880132928","-16.3792005685851",c(-71.5252880132928, -16.3792005685851)
"1.1.14-4","",0.5,"-71.524757306386","-16.3792461268737",c(-71.524757306386, -16.3792461268737)
"1.1.14-5","",0.5385,"-71.5251772161153","-16.3787756686717",c(-71.5251772161153, -16.3787756686717)
"1.1.14-6","",0.8571,"-71.5250428484824","-16.3781602962136",c(-71.5250428484824, -16.3781602962136)
"1.1.14-7","",0.6364,"-71.5245695600639","-16.3774254664128",c(-71.5245695600639, -16.3774254664128)
"1.1.14-8","",0.6154,"-71.5241054033245","-16.3767065894107",c(-71.5241054033245, -16.3767065894107)
"1.1.14-9","",0.6667,"-71.5237881609268","-16.3769116642348",c(-71.5237881609268, -16.3769116642348)
"1.1.22-1",NA,0.3333,"st(",NA,list()
"1.1.22-10",NA,0.8667,"st(",NA,list()
"1.1.22-11",NA,0.5,"st(",NA,list()
"1.1.22-2",NA,0.625,"st(",NA,list()
"1.1.22-3",NA,0.7273,"st(",NA,list()
"1.1.22-4",NA,0.625,"st(",NA,list()
"1.1.22-5",NA,0.5,"st(",NA,list()
"1.1.22-6",NA,0.8125,"st(",NA,list()
"1.1.22-7",NA,0.5,"st(",NA,list()
"1.1.22-8",NA,0.5714,"st(",NA,list()
"1.1.22-9",NA,0.8571,"st(",NA,list()
"1.1.23-1","",0.4444,"-71.5314798818306","-16.3784389803144",c(-71.5314798818306, -16.3784389803144)
"1.1.23-2","",0.5556,"-71.530512779732","-16.3782490297969",c(-71.530512779732, -16.3782490297969)
"1.1.23-3","",0.6667,"-71.5306926569359","-16.3786511383246",c(-71.5306926569359, -16.3786511383246)
"1.1.23-4","",0.8333,"-71.5303943951236","-16.378940519274",c(-71.5303943951236, -16.378940519274)
"1.1.23-5","",0.4444,"-71.5299699114956","-16.3788238220034",c(-71.5299699114956, -16.3788238220034)
"1.1.23-6","",0.5714,"-71.5295572650525","-16.378850143458",c(-71.5295572650525, -16.378850143458)
"1.1.23-7","",0.6,"-71.5295011195289","-16.3780855359841",c(-71.5295011195289, -16.3780855359841)
"1.1.25-1","",0.6154,"-71.5288721520551","-16.3787360865145",c(-71.5288721520551, -16.3787360865145)
"1.1.25-2","",0.3636,"-71.5290325424654","-16.3783963312053",c(-71.5290325424654, -16.3783963312053)
"1.1.25-3","",0.6667,"-71.5284480701251","-16.3780641146484",c(-71.5284480701251, -16.3780641146484)
"1.1.26-1","",0.6,"-71.5278175056997","-16.3778625607072",c(-71.5278175056997, -16.3778625607072)
"1.1.26-10","",1,"-71.5274720179473","-16.3765165852495",c(-71.5274720179473, -16.3765165852495)
"1.1.26-11","",0.9474,"-71.5277051880307","-16.3763093026174",c(-71.5277051880307, -16.3763093026174)
"1.1.26-13","",0.7857,"-71.5290587838444","-16.3765608690834",c(-71.5290587838444, -16.3765608690834)
"1.1.26-14","",0.9375,"-71.5278701372455","-16.3760085866745",c(-71.5278701372455, -16.3760085866745)
"1.1.26-15","",0.75,"-71.5270299527718","-16.3757855172136",c(-71.5270299527718, -16.3757855172136)
"1.1.26-2","",0.4,"-71.5272509737219","-16.3773874276711",c(-71.5272509737219, -16.3773874276711)
"1.1.26-3","",0.8182,"-71.5266285469756","-16.3768546510677",c(-71.5266285469756, -16.3768546510677)
"1.1.26-4","",0.8333,"-71.5270013576201","-16.3767065626025",c(-71.5270013576201, -16.3767065626025)
"1.1.26-5","",0.6154,"-71.5274953761247","-16.3771143920108",c(-71.5274953761247, -16.3771143920108)
"1.1.26-6","",0.4167,"-71.5280590935373","-16.3775876322214",c(-71.5280590935373, -16.3775876322214)
"1.1.26-7","",0.3333,"-71.5284885146692","-16.3773878496188",c(-71.5284885146692, -16.3773878496188)
"1.1.26-8","",0.6667,"-71.5281479046158","-16.3772186430439",c(-71.5281479046158, -16.3772186430439)
"1.1.26-9","",1,"-71.527834421161","-16.3769948297651",c(-71.527834421161, -16.3769948297651)
"1.1.27-1","",0.8182,"-71.5258978078322","-16.3762834502455",c(-71.5258978078322, -16.3762834502455)
"1.1.27-10","",0.6667,"-71.5246857503545","-16.3750394004502",c(-71.5246857503545, -16.3750394004502)
"1.1.27-11","",0.6667,"-71.5243914017474","-16.3749550258971",c(-71.5243914017474, -16.3749550258971)
"1.1.27-12","",0.5455,"-71.5245687308889","-16.3745525163664",c(-71.5245687308889, -16.3745525163664)
"1.1.27-13","",0.7143,"-71.5236672778143","-16.374555405373",c(-71.5236672778143, -16.374555405373)
"1.1.27-14","",0.5,"-71.523123338129","-16.3747053759839",c(-71.523123338129, -16.3747053759839)
"1.1.27-2","",0.6667,"-71.5261774151594","-16.3759746455208",c(-71.5261774151594, -16.3759746455208)
"1.1.27-3","",0.6,"-71.5263647630391","-16.3756219739136",c(-71.5263647630391, -16.3756219739136)
"1.1.27-4","",0.6,"-71.5265111909796","-16.375305734334",c(-71.5265111909796, -16.375305734334)
"1.1.27-5","",0.7273,"-71.5255688752649","-16.3748602513797",c(-71.5255688752649, -16.3748602513797)
"1.1.27-6","",0.5,"-71.5254076269774","-16.3752013477016",c(-71.5254076269774, -16.3752013477016)
"1.1.27-7","",0.8333,"-71.5252694743219","-16.3755073165583",c(-71.5252694743219, -16.3755073165583)
"1.1.27-8","",0.5714,"-71.5250586877556","-16.3757901997415",c(-71.5250586877556, -16.3757901997415)
"1.1.27-9","",0.6923,"-71.5241244749137","-16.3752592769675",c(-71.5241244749137, -16.3752592769675)
"1.1.29-1","",0.8,"-71.5177653267879","-16.3726988439723",c(-71.5177653267879, -16.3726988439723)
"1.1.29-2","",0.3333,"-71.5172584996686","-16.3723607595324",c(-71.5172584996686, -16.3723607595324)
"1.1.29-3","",0.75,"-71.5168197332062","-16.3718553175489",c(-71.5168197332062, -16.3718553175489)
"1.1.29-4","",0.25,"-71.5165457888476","-16.372161993614",c(-71.5165457888476, -16.372161993614)
"1.1.29-5","",0.6471,"-71.5166864006451","-16.3729206786317",c(-71.5166864006451, -16.3729206786317)
"1.1.29-6","",0.8333,"-71.5163021108431","-16.3733789790302",c(-71.5163021108431, -16.3733789790302)
"1.1.29-7","",0.5714,"-71.5155876440274","-16.3735956983225",c(-71.5155876440274, -16.3735956983225)
"1.1.29-8","",0.375,"-71.5162898280463","-16.3741278089471",c(-71.5162898280463, -16.3741278089471)
"1.1.34-1","",0.3684,"-71.5122579803781","-16.3721187142673",c(-71.5122579803781, -16.3721187142673)
"1.1.34-10","",0.6154,"-71.5105554516918","-16.3712696495558",c(-71.5105554516918, -16.3712696495558)
"1.1.34-11","",0.75,"-71.509913856066","-16.3707840931962",c(-71.509913856066, -16.3707840931962)
"1.1.34-12","",0.5,"-71.5103082804535","-16.3702782920466",c(-71.5103082804535, -16.3702782920466)
"1.1.34-14","",0.75,"-71.5093960121461","-16.3704040677253",c(-71.5093960121461, -16.3704040677253)
"1.1.34-15","",0.8571,"-71.5088736964269","-16.3710490140455",c(-71.5088736964269, -16.3710490140455)
"1.1.34-16","",0.9091,"-71.5083580446648","-16.3706562111191",c(-71.5083580446648, -16.3706562111191)
"1.1.34-17","",0.875,"-71.5078741049208","-16.3712644776507",c(-71.5078741049208, -16.3712644776507)
"1.1.34-18","",0.64,"-71.5079792957903","-16.3721527189751",c(-71.5079792957903, -16.3721527189751)
"1.1.34-19","",0.8,"-71.508905531987","-16.3720406692792",c(-71.508905531987, -16.3720406692792)
"1.1.34-2","",0.7,"-71.5113822508068","-16.3718887737071",c(-71.5113822508068, -16.3718887737071)
"1.1.34-20","",0.7778,"-71.5093895974731","-16.3714405196242",c(-71.5093895974731, -16.3714405196242)
"1.1.34-21","",0,"-71.5104876610409","-16.372227379972",c(-71.5104876610409, -16.372227379972)
"1.1.34-22","",0.9286,"-71.5095394236617","-16.3725043361761",c(-71.5095394236617, -16.3725043361761)
"1.1.34-23","",0.5714,"-71.5095873909239","-16.3733565374277",c(-71.5095873909239, -16.3733565374277)
"1.1.34-24","",0.5625,"-71.5103642389086","-16.3731306569932",c(-71.5103642389086, -16.3731306569932)
"1.1.34-25","",0.5294,"-71.5114669701421","-16.3731546629565",c(-71.5114669701421, -16.3731546629565)
"1.1.34-26","",0.9,"-71.5107934656868","-16.3740326040666",c(-71.5107934656868, -16.3740326040666)
"1.1.34-27","",0.6842,"-71.5100423367146","-16.374514933967",c(-71.5100423367146, -16.374514933967)
"1.1.34-28","",0.6,"-71.5091628721448","-16.3738627548266",c(-71.5091628721448, -16.3738627548266)
"1.1.34-29","",0.6667,"-71.5085643375218","-16.373413855562",c(-71.5085643375218, -16.373413855562)
"1.1.34-3","",0.8182,"-71.5117784849742","-16.3713759531979",c(-71.5117784849742, -16.3713759531979)
"1.1.34-30","",0.7241,"-71.5076175112205","-16.3726767015482",c(-71.5076175112205, -16.3726767015482)
"1.1.34-4","",0.625,"-71.5121775674854","-16.3708548178362",c(-71.5121775674854, -16.3708548178362)
"1.1.34-5","",0.5833,"-71.5131591679462","-16.3709461476471",c(-71.5131591679462, -16.3709461476471)
"1.1.34-6","",0.4286,"-71.5125726009715","-16.370349527674",c(-71.5125726009715, -16.370349527674)
"1.1.34-7","",0.25,"-71.5118839396135","-16.3698464087474",c(-71.5118839396135, -16.3698464087474)
"1.1.34-8","",0.8667,"-71.5113903216403","-16.3703105879934",c(-71.5113903216403, -16.3703105879934)
"1.1.34-9","",0.8889,"-71.5109696306317","-16.370768531193",c(-71.5109696306317, -16.370768531193)
"1.1.36-10","",0.6667,"-71.5074814183953","-16.3732345966884",c(-71.5074814183953, -16.3732345966884)
"1.1.36-11","",0.5,"-71.5068773632874","-16.372464456828",c(-71.5068773632874, -16.372464456828)
"1.1.36-2","",0.5,"-71.5084028984414","-16.3741158656195",c(-71.5084028984414, -16.3741158656195)
"1.1.36-3","",0.5,"-71.508029035151","-16.3741255204785",c(-71.508029035151, -16.3741255204785)
"1.1.36-4","",0.6,"-71.5082547674846","-16.373908006439",c(-71.5082547674846, -16.373908006439)
"1.1.36-5","",0.4,"-71.5080507580054","-16.3736890338272",c(-71.5080507580054, -16.3736890338272)
"1.1.36-6","",1,"-71.5078058722533","-16.373933960744",c(-71.5078058722533, -16.373933960744)
"1.1.36-7","",1,"-71.5074981292846","-16.3736487321033",c(-71.5074981292846, -16.3736487321033)
"1.1.36-8","",0.625,"-71.5065463003199","-16.3729589128966",c(-71.5065463003199, -16.3729589128966)
"1.1.36-9","",0.8333,"-71.5067114079034","-16.3726797133295",c(-71.5067114079034, -16.3726797133295)
"1.1.39-1","",0.6,"-71.5075799651262","-16.3688975196837",c(-71.5075799651262, -16.3688975196837)
"1.1.39-10","",0.1667,"-71.5078928129316","-16.3686181687785",c(-71.5078928129316, -16.3686181687785)
"1.1.39-11","",0,"-71.508191641294","-16.368251413903",c(-71.508191641294, -16.368251413903)
"1.1.39-13","",0.6154,"-71.508342977839","-16.3672885715683",c(-71.508342977839, -16.3672885715683)
"1.1.39-14","",0.7647,"-71.5077136030528","-16.3669787913615",c(-71.5077136030528, -16.3669787913615)
"1.1.39-15","",0.8,"-71.5076054730722","-16.3677508517445",c(-71.5076054730722, -16.3677508517445)
"1.1.39-16","",0.6667,"-71.5075517872413","-16.368210659499",c(-71.5075517872413, -16.368210659499)
"1.1.39-17","",1,"-71.5074914602621","-16.3685625418017",c(-71.5074914602621, -16.3685625418017)
"1.1.39-19","",0.4,"-71.5068500411415","-16.3681386433912",c(-71.5068500411415, -16.3681386433912)
"1.1.39-2","",0.5,"-71.5082266107128","-16.3690436505763",c(-71.5082266107128, -16.3690436505763)
"1.1.39-20","",0.3333,"-71.506889623308","-16.3678330729513",c(-71.506889623308, -16.3678330729513)
"1.1.39-21","",0,"-71.5069307766114","-16.3675591807196",c(-71.5069307766114, -16.3675591807196)
"1.1.39-22","",0.5,"-71.5067976832126","-16.367111846678",c(-71.5067976832126, -16.367111846678)
"1.1.39-23","",0.5,"-71.5072146979414","-16.3670411259541",c(-71.5072146979414, -16.3670411259541)
"1.1.39-3","",0.4,"-71.5086177197717","-16.3690991777925",c(-71.5086177197717, -16.3690991777925)
"1.1.39-4","",0.6667,"-71.508958333656","-16.3691134570498",c(-71.508958333656, -16.3691134570498)
"1.1.39-5","",0.75,"-71.5090987937247","-16.3687838717071",c(-71.5090987937247, -16.3687838717071)
"1.1.39-6","",0.6316,"-71.5095349925336","-16.3681749387102",c(-71.5095349925336, -16.3681749387102)
"1.1.39-7","",0.5652,"-71.5090802897075","-16.3680030664847",c(-71.5090802897075, -16.3680030664847)
"1.1.39-8","",0.6,"-71.5087037617741","-16.3687278231362",c(-71.5087037617741, -16.3687278231362)
"1.1.39-9","",0.6667,"-71.5083125687344","-16.3686713534922",c(-71.5083125687344, -16.3686713534922)
"1.1.42-1","",0.5,"-71.5035048822518","-16.3699721515443",c(-71.5035048822518, -16.3699721515443)
"1.1.42-10","",0.8333,"-71.5039852190678","-16.3689184002614",c(-71.5039852190678, -16.3689184002614)
"1.1.42-11","",0.6,"-71.5035417068837","-16.3687493737271",c(-71.5035417068837, -16.3687493737271)
"1.1.42-12","",0.8,"-71.5034698142498","-16.3695031045525",c(-71.5034698142498, -16.3695031045525)
"1.1.42-13","",0.75,"-71.5029883940608","-16.3695072794273",c(-71.5029883940608, -16.3695072794273)
"1.1.42-14","",0.7,"-71.5030158179889","-16.3689652283806",c(-71.5030158179889, -16.3689652283806)
"1.1.42-15","",0.6667,"-71.5025735564323","-16.3694666455764",c(-71.5025735564323, -16.3694666455764)
"1.1.42-2","",0.5,"-71.5038916252239","-16.370172556789",c(-71.5038916252239, -16.370172556789)
"1.1.42-3","",0.6,"-71.504219890199","-16.3699961467759",c(-71.504219890199, -16.3699961467759)
"1.1.42-4","",0.8,"-71.5045627262075","-16.369864268093",c(-71.5045627262075, -16.369864268093)
"1.1.42-6","",0.6667,"-71.5046514502769","-16.3690022396256",c(-71.5046514502769, -16.3690022396256)
"1.1.42-7","",1,"-71.5045541138158","-16.368711738742",c(-71.5045541138158, -16.368711738742)
"1.1.42-8","",1,"-71.5048730706147","-16.3685288996161",c(-71.5048730706147, -16.3685288996161)
"1.1.42-9","",0.625,"-71.5042308612528","-16.3684215451336",c(-71.5042308612528, -16.3684215451336)
"1.1.44-1","",0.2857,"-71.5032930285026","-16.3702388876956",c(-71.5032930285026, -16.3702388876956)
"1.1.45-1","",0.6667,"-71.4995126209369","-16.3690534120027",c(-71.4995126209369, -16.3690534120027)
"1.1.45-2","",1,"-71.4977738457482","-16.3681654721933",c(-71.4977738457482, -16.3681654721933)
"1.1.45-3","",0.6667,"-71.4966326912009","-16.3671887733892",c(-71.4966326912009, -16.3671887733892)
"1.1.45-4","",1,"-71.4960438061763","-16.3666632843",c(-71.4960438061763, -16.3666632843)
"1.1.45-5","",0.6667,"-71.4952629098995","-16.3663961383587",c(-71.4952629098995, -16.3663961383587)
"1.1.45-6","",0.6,"-71.4934741416295","-16.3654394741241",c(-71.4934741416295, -16.3654394741241)
"1.1.7-1","",0.3571,"-71.5244983904106","-16.3806598446921",c(-71.5244983904106, -16.3806598446921)
"1.1.7-2","",0.5385,"-71.5254203443115","-16.3804704241238",c(-71.5254203443115, -16.3804704241238)
"1.1.7-3","",0.5,"-71.5251097189209","-16.3802515044408",c(-71.5251097189209, -16.3802515044408)
"1.1.7-4","",0.625,"-71.5247830299287","-16.3800394988469",c(-71.5247830299287, -16.3800394988469)
"1.1.7-5","",1,"-71.5246925361752","-16.3797171932195",c(-71.5246925361752, -16.3797171932195)
"1.1.7-6","",0.6667,"-71.5241678511451","-16.3798940219182",c(-71.5241678511451, -16.3798940219182)
"1.1.71-1","",0.6923,"-71.5162245925481","-16.3658712900413",c(-71.5162245925481, -16.3658712900413)
"1.1.71-10","",0.6,"-71.5143564467066","-16.3630874098893",c(-71.5143564467066, -16.3630874098893)
"1.1.71-11","",0.5,"-71.5145251445343","-16.3637011073449",c(-71.5145251445343, -16.3637011073449)
"1.1.71-12","",0.5,"-71.5144816896216","-16.3641105319457",c(-71.5144816896216, -16.3641105319457)
"1.1.71-2","",0.6364,"-71.5158202927124","-16.3655964022657",c(-71.5158202927124, -16.3655964022657)
"1.1.71-3","",0.6667,"-71.5154185417363","-16.3653182111165",c(-71.5154185417363, -16.3653182111165)
"1.1.71-4","",0.8333,"-71.5149575573359","-16.3649923112487",c(-71.5149575573359, -16.3649923112487)
"1.1.71-5","",0.6667,"-71.5153022743656","-16.3639006052625",c(-71.5153022743656, -16.3639006052625)
"1.1.71-6","",0.5,"-71.5154760259017","-16.363099772291",c(-71.5154760259017, -16.363099772291)
"1.1.71-7","",0.6667,"-71.5149365887848","-16.3629869677668",c(-71.5149365887848, -16.3629869677668)
"1.1.71-8","",1,"-71.514553234134","-16.3628452507165",c(-71.514553234134, -16.3628452507165)
"1.1.71-9","",0.5,"-71.5142616156525","-16.3626677529492",c(-71.5142616156525, -16.3626677529492)
"1.1.77-1","",0.5556,"-71.5280213058731","-16.3731393724297",c(-71.5280213058731, -16.3731393724297)
"1.1.77-10","",0.7333,"-71.5248352568979","-16.3714774678068",c(-71.5248352568979, -16.3714774678068)
"1.1.77-11","",0.4286,"-71.5254251156607","-16.3719480248895",c(-71.5254251156607, -16.3719480248895)
"1.1.77-12","",0.8571,"-71.5245847001315","-16.371754538175",c(-71.5245847001315, -16.371754538175)
"1.1.77-2","",0.4091,"-71.5272677264561","-16.3726883000421",c(-71.5272677264561, -16.3726883000421)
"1.1.77-3","",0.4286,"-71.5270438669266","-16.3729225431366",c(-71.5270438669266, -16.3729225431366)
"1.1.77-4","",0,"-71.5266572078417","-16.3724016821484",c(-71.5266572078417, -16.3724016821484)
"1.1.77-5","",0.75,"-71.5260997385559","-16.371957073817",c(-71.5260997385559, -16.371957073817)
"1.1.77-6","",1,"-71.5257393254415","-16.3715564201036",c(-71.5257393254415, -16.3715564201036)
"1.1.77-7","",0.5789,"-71.5264037617221","-16.3715428200499",c(-71.5264037617221, -16.3715428200499)
"1.1.77-8","",0.4667,"-71.5254866717735","-16.3706772250645",c(-71.5254866717735, -16.3706772250645)
"1.1.77-9","",0.6923,"-71.5249177037825","-16.3710109685939",c(-71.5249177037825, -16.3710109685939)
"1.1.78-1","",0.9,"-71.5275191116338","-16.3722462957041",c(-71.5275191116338, -16.3722462957041)
"1.1.78-10","",0.7273,"-71.5240999854824","-16.3683431146931",c(-71.5240999854824, -16.3683431146931)
"1.1.78-11","",0.6667,"-71.5233703644873","-16.3679228996852",c(-71.5233703644873, -16.3679228996852)
"1.1.78-12","",0.6,"-71.5245231494317","-16.3664211882213",c(-71.5245231494317, -16.3664211882213)
"1.1.78-13","",0.7778,"-71.5252074567675","-16.3673832236614",c(-71.5252074567675, -16.3673832236614)
"1.1.78-14","",0.8333,"-71.5249231305009","-16.3676276368534",c(-71.5249231305009, -16.3676276368534)
"1.1.78-15","",0.7143,"-71.5252341660138","-16.3683591368581",c(-71.5252341660138, -16.3683591368581)
"1.1.78-16","",0.6364,"-71.5256587656838","-16.3680832500843",c(-71.5256587656838, -16.3680832500843)
"1.1.78-17","",0.5714,"-71.5262796994596","-16.3689635092866",c(-71.5262796994596, -16.3689635092866)
"1.1.78-18","",1,"-71.5256671379278","-16.3689554479692",c(-71.5256671379278, -16.3689554479692)
"1.1.78-19","",0.7391,"-71.5263616991614","-16.3699561716674",c(-71.5263616991614, -16.3699561716674)
"1.1.78-2","",0.7143,"-71.5270887270905","-16.3715541892762",c(-71.5270887270905, -16.3715541892762)
"1.1.78-20","",0.6111,"-71.5271356226526","-16.3702011837849",c(-71.5271356226526, -16.3702011837849)
"1.1.78-21","",0.6111,"-71.5281918609733","-16.3716318932461",c(-71.5281918609733, -16.3716318932461)
"1.1.78-22","",0.5,"-71.5271934477957","-16.3708765991335",c(-71.5271934477957, -16.3708765991335)
"1.1.78-23","",0.5,"-71.5275482335888","-16.3712887479454",c(-71.5275482335888, -16.3712887479454)
"1.1.78-24","",0.8,"-71.5279046337847","-16.3718330586636",c(-71.5279046337847, -16.3718330586636)
"1.1.78-25","",0,"-71.528188272591","-16.3723458127124",c(-71.528188272591, -16.3723458127124)
"1.1.78-26","",0,"-71.5289726417317","-16.3728547427716",c(-71.5289726417317, -16.3728547427716)
"1.1.78-27","",0.5263,"-71.5288078179314","-16.3714907028535",c(-71.5288078179314, -16.3714907028535)
"1.1.78-28","",0.5,"-71.5291103359495","-16.3709210669219",c(-71.5291103359495, -16.3709210669219)
"1.1.78-29","",0.4375,"-71.5295145651288","-16.3705643226548",c(-71.5295145651288, -16.3705643226548)
"1.1.78-3","",0.6,"-71.5266522611633","-16.3710167379159",c(-71.5266522611633, -16.3710167379159)
"1.1.78-30","",0.7143,"-71.529068969116","-16.3700542933842",c(-71.529068969116, -16.3700542933842)
"1.1.78-31","",0.6667,"-71.5286797616077","-16.370324484396",c(-71.5286797616077, -16.370324484396)
"1.1.78-33","",0.4167,"-71.5280243698905","-16.3703959538841",c(-71.5280243698905, -16.3703959538841)
"1.1.78-34","",0.5714,"-71.5274610818504","-16.3696004126729",c(-71.5274610818504, -16.3696004126729)
"1.1.78-35","",0.6842,"-71.5267991562286","-16.3686557814669",c(-71.5267991562286, -16.3686557814669)
"1.1.78-36","",0.8235,"-71.5258844919947","-16.3673758335553",c(-71.5258844919947, -16.3673758335553)
"1.1.78-37","",0.7857,"-71.5250091970398","-16.3661334826444",c(-71.5250091970398, -16.3661334826444)
"1.1.78-4","",0.6667,"-71.5260253653577","-16.3704767620715",c(-71.5260253653577, -16.3704767620715)
"1.1.78-5","",0.3333,"-71.5255977048489","-16.3698780210638",c(-71.5255977048489, -16.3698780210638)
"1.1.78-6","",0.625,"-71.5251373862929","-16.3692037835428",c(-71.5251373862929, -16.3692037835428)
"1.1.78-7","",0.5,"-71.5249158271935","-16.3696917598934",c(-71.5249158271935, -16.3696917598934)
"1.1.78-8","",0.6667,"-71.524088518716","-16.3689039417536",c(-71.524088518716, -16.3689039417536)
"1.1.78-9","",0.75,"-71.5246790134385","-16.3686607633159",c(-71.5246790134385, -16.3686607633159)
"1.1.8-1","",0.7143,"-71.5228357993373","-16.3782988059607",c(-71.5228357993373, -16.3782988059607)
"1.1.8-2","",0.64,"-71.5229903190684","-16.3778773718811",c(-71.5229903190684, -16.3778773718811)
"1.1.8-3","",0.7917,"-71.5233327861016","-16.3776826573034",c(-71.5233327861016, -16.3776826573034)
"1.1.8-4","",0.875,"-71.523551499929","-16.3787838007907",c(-71.523551499929, -16.3787838007907)
"1.1.8-5","",0.8,"-71.5238687124878","-16.3790308800555",c(-71.5238687124878, -16.3790308800555)
"1.1.8-7","",0.1429,"-71.5239114613263","-16.3795799359062",c(-71.5239114613263, -16.3795799359062)
"1.1.8-8","",0.6667,"-71.5236338468386","-16.3793618924053",c(-71.5236338468386, -16.3793618924053)
"1.1.81-10","",0.8824,"-71.5254747740054","-16.3658192838196",c(-71.5254747740054, -16.3658192838196)
"1.1.81-11","",0.8421,"-71.5259302497439","-16.3655739008614",c(-71.5259302497439, -16.3655739008614)
"1.1.81-3","",0.3636,"-71.5279962435223","-16.3683314511791",c(-71.5279962435223, -16.3683314511791)
"1.1.81-4","",0.5,"-71.528347464232","-16.367942234471",c(-71.528347464232, -16.367942234471)
"1.1.81-5","",0.6,"-71.5277479197032","-16.3674418707686",c(-71.5277479197032, -16.3674418707686)
"1.1.81-6","",0.7778,"-71.5272590883555","-16.3670986129973",c(-71.5272590883555, -16.3670986129973)
"1.1.81-7","",0.2857,"-71.5270150749329","-16.3667849019843",c(-71.5270150749329, -16.3667849019843)
"1.1.81-8","",0.5,"-71.5266139888386","-16.366551233708",c(-71.5266139888386, -16.366551233708)
"1.1.81-9","",0.7368,"-71.5263718601276","-16.3670676542948",c(-71.5263718601276, -16.3670676542948)
"1.1.82-1","",0.7692,"-71.5300167275751","-16.3701647955799",c(-71.5300167275751, -16.3701647955799)
"1.1.82-2","",0.6667,"-71.5301275929993","-16.3694421043586",c(-71.5301275929993, -16.3694421043586)
"1.1.82-4","",0.7692,"-71.5290842329115","-16.3685235292133",c(-71.5290842329115, -16.3685235292133)
"1.1.82-5","",0.7647,"-71.529073172492","-16.3691751993867",c(-71.529073172492, -16.3691751993867)
"1.1.83-1",NA,0.6316,"st(",NA,list()
"1.1.94-10","",1,"-71.5230316343393","-16.3526608950716",c(-71.5230316343393, -16.3526608950716)
"1.1.94-11","",0,"-71.5226737073291","-16.352323264068",c(-71.5226737073291, -16.352323264068)
"1.1.94-12","",0,"-71.5228017182999","-16.351803029606",c(-71.5228017182999, -16.351803029606)
"1.1.94-13","",1,"-71.524804028315","-16.3529360676279",c(-71.524804028315, -16.3529360676279)
"1.1.94-3","",1,"-71.5243040647846","-16.3547901638723",c(-71.5243040647846, -16.3547901638723)
"1.1.94-4","",1,"-71.5234792108428","-16.3549514424698",c(-71.5234792108428, -16.3549514424698)
"1.1.94-5","",1,"-71.5233844481715","-16.3544997668366",c(-71.5233844481715, -16.3544997668366)
"1.1.94-6","",1,"-71.5241244803517","-16.3543726181812",c(-71.5241244803517, -16.3543726181812)
"1.1.94-8","",1,"-71.523265848186","-16.3535874887615",c(-71.523265848186, -16.3535874887615)
"1.1.94-9","",1,"-71.523206307232","-16.3530389006332",c(-71.523206307232, -16.3530389006332)
"1.1.95-1","",0.5,"-71.5227619454933","-16.3554910886143",c(-71.5227619454933, -16.3554910886143)
"1.1.95-10","",0.6667,"-71.5212640018586","-16.3535614910291",c(-71.5212640018586, -16.3535614910291)
"1.1.95-11","",0.3333,"-71.5214189312052","-16.3539565282164",c(-71.5214189312052, -16.3539565282164)
"1.1.95-12","",1,"-71.5223041460429","-16.3537766985107",c(-71.5223041460429, -16.3537766985107)
"1.1.95-13","",0.4,"-71.5221908927774","-16.3533553772502",c(-71.5221908927774, -16.3533553772502)
"1.1.95-14","",0.75,"-71.522043190359","-16.3529509382579",c(-71.522043190359, -16.3529509382579)
"1.1.95-15","",1,"-71.5213190274273","-16.3531363755686",c(-71.5213190274273, -16.3531363755686)
"1.1.95-16","",0.5,"-71.5216052624617","-16.3526112837065",c(-71.5216052624617, -16.3526112837065)
"1.1.95-17","",0.75,"-71.521504116808","-16.3521797846366",c(-71.521504116808, -16.3521797846366)
"1.1.95-2","",1,"-71.5226219222747","-16.3550927347254",c(-71.5226219222747, -16.3550927347254)
"1.1.95-3","",1,"-71.5224801518957","-16.3546709193424",c(-71.5224801518957, -16.3546709193424)
"1.1.95-4","",1,"-71.522401945767","-16.3542235570604",c(-71.522401945767, -16.3542235570604)
"1.1.95-5","",0,"-71.5213112996316","-16.3544438569842",c(-71.5213112996316, -16.3544438569842)
"1.1.95-8","",1,"-71.5207707541115","-16.3540944987687",c(-71.5207707541115, -16.3540944987687)
"1.1.97-1","",1,"-71.5217014064363","-16.3516221379052",c(-71.5217014064363, -16.3516221379052)
"1.1.97-10","",0.8,"-71.5212242050259","-16.3493876507629",c(-71.5212242050259, -16.3493876507629)
"1.1.97-11","",0.4,"-71.5203052145657","-16.3495644026552",c(-71.5203052145657, -16.3495644026552)
"1.1.97-12","",0.3333,"-71.5194819538991","-16.349717135161",c(-71.5194819538991, -16.349717135161)
"1.1.97-14","",0.75,"-71.52020609001","-16.3491229263002",c(-71.52020609001, -16.3491229263002)
"1.1.97-2","",0.6667,"-71.521608280629","-16.3511574408081",c(-71.521608280629, -16.3511574408081)
"1.1.97-3","",0.5,"-71.5215027051106","-16.3507165854736",c(-71.5215027051106, -16.3507165854736)
"1.1.97-4","",1,"-71.5214107406933","-16.3502687202968",c(-71.5214107406933, -16.3502687202968)
"1.1.97-7","",0.75,"-71.5191998310631","-16.3502183580486",c(-71.5191998310631, -16.3502183580486)
"1.1.97-8","",0.8,"-71.5204070312565","-16.3500033969932",c(-71.5204070312565, -16.3500033969932)
"1.1.97-9","",1,"-71.5213088504552","-16.3498232716277",c(-71.5213088504552, -16.3498232716277)
"1.1.98-1","",0.75,"-71.5225517841283","-16.3514335902605",c(-71.5225517841283, -16.3514335902605)
"1.1.98-10","",0.3333,"-71.5230062253285","-16.3494937090012",c(-71.5230062253285, -16.3494937090012)
"1.1.98-13","",1,"-71.5219986573395","-16.3487646576482",c(-71.5219986573395, -16.3487646576482)
"1.1.98-14","",0.6667,"-71.5228195939195","-16.3485946039875",c(-71.5228195939195, -16.3485946039875)
"1.1.98-2","",0.3333,"-71.5232897697439","-16.3513029856969",c(-71.5232897697439, -16.3513029856969)
"1.1.98-3","",1,"-71.5232733904382","-16.3508313230878",c(-71.5232733904382, -16.3508313230878)
"1.1.98-4","",1,"-71.5224543727123","-16.3509937794168",c(-71.5224543727123, -16.3509937794168)
"1.1.98-5","",1,"-71.5223621626707","-16.3505513245559",c(-71.5223621626707, -16.3505513245559)
"1.1.98-6","",1,"-71.523179327307","-16.3503961263001",c(-71.523179327307, -16.3503961263001)
"1.1.98-7","",0.5,"-71.5230901647084","-16.3499492008049",c(-71.5230901647084, -16.3499492008049)
"1.1.98-8","",1,"-71.5222727843938","-16.3500933583741",c(-71.5222727843938, -16.3500933583741)
"1.1.98-9","",1,"-71.5221830364119","-16.3496534012268",c(-71.5221830364119, -16.3496534012268)
"1.1.99-1","",0.75,"-71.5218877874005","-16.3483199338686",c(-71.5218877874005, -16.3483199338686)
"1.1.99-11","",1,"-71.5216902166628","-16.3470065427938",c(-71.5216902166628, -16.3470065427938)
"1.1.99-17","",1,"-71.521577047122","-16.3461130453105",c(-71.521577047122, -16.3461130453105)
"1.1.99-18","",1,"-71.5215235455907","-16.3456652557386",c(-71.5215235455907, -16.3456652557386)
"1.1.99-19","",1,"-71.5224747047007","-16.3455610264437",c(-71.5224747047007, -16.3455610264437)
"1.1.99-2","",0,"-71.5227223727153","-16.3481604494077",c(-71.5227223727153, -16.3481604494077)
"1.1.99-22","",1,"-71.5224095244542","-16.3451133900526",c(-71.5224095244542, -16.3451133900526)
"1.1.99-23","",0.5,"-71.5214704715089","-16.3452206329214",c(-71.5214704715089, -16.3452206329214)
"1.1.99-24","",1,"-71.5214335415616","-16.3447678975267",c(-71.5214335415616, -16.3447678975267)
"1.1.99-26","",1,"-71.5228145080898","-16.3441796031484",c(-71.5228145080898, -16.3441796031484)
"1.1.99-27","",1,"-71.5222566909432","-16.3442182621768",c(-71.5222566909432, -16.3442182621768)
"1.1.99-28","",0,"-71.5214155729571","-16.3443076956667",c(-71.5214155729571, -16.3443076956667)
"1.1.99-29","",0,"-71.5214113001548","-16.3438541917411",c(-71.5214113001548, -16.3438541917411)
"1.1.99-30","",1,"-71.5222520266641","-16.3437693985314",c(-71.5222520266641, -16.3437693985314)
"1.1.99-4","",0.3333,"-71.5235136647946","-16.3475431924081",c(-71.5235136647946, -16.3475431924081)
"1.1.99-5","",0,"-71.522634971861","-16.3477266101169",c(-71.522634971861, -16.3477266101169)
"1.1.99-6","",0.5,"-71.5217974189629","-16.3478782701807",c(-71.5217974189629, -16.3478782701807)
"1.1.99-7","",0.5,"-71.5217228390527","-16.3474473799718",c(-71.5217228390527, -16.3474473799718)
